{
    "mtx": [
        [
            9134.699998092676,
            0.0,
            25.71004456029386
        ],
        [
            0.0,
            8680.154758257257,
            450.18653473801777
        ],
        [
            0.0,
            0.0,
            1.0
        ]
    ],
    "dist": [
        [
            8.35198378184654,
            -65.30465715390658,
            0.05682287926355429,
            -0.45884128076709846,
            -18.80690480810409
        ]
    ]
}