{
    "mtx": [
        [
            814.7652544530702,
            0.0,
            328.21143882365254
        ],
        [
            0.0,
            814.6215706871805,
            272.235312638342
        ],
        [
            0.0,
            0.0,
            1.0
        ]
    ],
    "dist": [
        [
            -0.028308813980140096,
            3.76844364015964,
            0.02212449520600209,
            0.0027199526166460813,
            -16.547235387876732
        ]
    ]
}